<?xml version="1.0" encoding="utf-8"?>
<eml:eml xmlns:eml="eml://ecoinformatics.org/eml-2.1.1" xmlns:xsi="http://www.w3.org/2001/XMLSchema-instance"
         xsi:schemaLocation="eml://ecoinformatics.org/eml-2.1.1 http://rs.gbif.org/schema/eml-gbif-profile/1.1/eml.xsd"
        packageId="85378a64-2fbc-4a48-a6b4-9f421ad48f8a"  system="http://gbif.org" scope="system"
  xml:lang="en">

<dataset>
      <alternateIdentifier>10.15468/nn3cel</alternateIdentifier>
        <alternateIdentifier>https://biokic2.rc.asu.edu:443/portal/collections/misc/collprofiles.php?collid=10</alternateIdentifier>
        <alternateIdentifier>https://scan-bugs.org:443/portal/collections/misc/collprofiles.php?collid=10</alternateIdentifier>
        <alternateIdentifier>http://scan-bugs.org/portal/collections/misc/collprofiles.php?collid=10</alternateIdentifier>
    <title>New Mexico State Collection of Arthropods</title>
    <creator>
<organizationName>SCAN</organizationName><electronicMailAddress>Neil.Cobb@nau.edu</electronicMailAddress><onlineUrl>https://scan-bugs.org:443/portal/index.php</onlineUrl>    </creator>
    <metadataProvider>
<organizationName>SCAN</organizationName><electronicMailAddress>Neil.Cobb@nau.edu</electronicMailAddress><onlineUrl>https://scan-bugs.org:443/portal/index.php</onlineUrl>    </metadataProvider>
    <associatedParty>
<organizationName>New Mexico State Collection of Arthropods</organizationName><positionName>Collection Manager</positionName>    <address>
<deliveryPoint>945 College Avenue</deliveryPoint><city>Las Cruces</city><administrativeArea>New Mexico</administrativeArea><postalCode>88003</postalCode><country>UNITED_STATES</country>    </address>
<phone>575-646-3171</phone><electronicMailAddress>cbundy@nmsu.edu</electronicMailAddress>    <role>CONTENT_PROVIDER</role>
    </associatedParty>
      <pubDate>
      2021-04-29
      </pubDate>
    <language>ENGLISH</language>
    <abstract>
        <para>The New Mexico State Collection of Arthropods is located at New Mexico State University in Las Cruces, NM. It currently houses approximately 150,000 arthropod specimens as well as the Merrill Sweet Collection (350,000 specimens). The NMSU Collection primarily is composed of arthropods from the western United States, with an emphasis on the arachnids of the arid Southwest. The goals of the collection include survey of the arthropod fauna of New Mexico and the Southwest, providing reference material for researchers, and providing outreach to our constituents in the state and abroad.</para>
    </abstract>
      <intellectualRights>
        <para>To the extent possible under law, the publisher has waived all rights to these data and has dedicated them to the <ulink url="http://creativecommons.org/publicdomain/zero/1.0/legalcode"><citetitle>Public Domain (CC0 1.0)</citetitle></ulink>. Users may copy, modify, distribute and use the work, including for commercial purposes, without restriction.</para>
      </intellectualRights>
      <contact>
<organizationName>New Mexico State Collection of Arthropods</organizationName><phone>575-646-3171</phone><electronicMailAddress>cbundy@nmsu.edu</electronicMailAddress><onlineUrl>http://arthropods.nmsu.edu/</onlineUrl>      </contact>

</dataset>

<additionalMetadata>
    <metadata>
      <gbif>
        <dateStamp>2021-07-13T14:35:22Z</dateStamp>
      <citation>New Mexico State Collection of Arthropods (2021). New Mexico State Collection of Arthropods. Occurrence dataset https://doi.org/10.15468/nn3cel accessed via GBIF.org on 2021-07-13.</citation>
      </gbif>
    </metadata>
</additionalMetadata>

</eml:eml>
