<?xml version="1.0" encoding="utf-8"?>
<eml:eml xmlns:eml="eml://ecoinformatics.org/eml-2.1.1" xmlns:xsi="http://www.w3.org/2001/XMLSchema-instance"
         xsi:schemaLocation="eml://ecoinformatics.org/eml-2.1.1 http://rs.gbif.org/schema/eml-gbif-profile/1.1/eml.xsd"
        packageId="10.15468/dl.xz6wxg"  system="http://gbif.org" scope="system"
  xml:lang="en">

<dataset>
        <alternateIdentifier>0323828-200613084148143</alternateIdentifier>
    <title>GBIF Occurrence Download 10.15468/dl.xz6wxg</title>
    <creator>
    <individualName>
          <surName>GBIF Download Service</surName>
    </individualName>
<electronicMailAddress>support@gbif.org</electronicMailAddress>    </creator>
    <metadataProvider>
    <individualName>
          <surName>GBIF Download Service</surName>
    </individualName>
<electronicMailAddress>support@gbif.org</electronicMailAddress>    </metadataProvider>
      <pubDate>
      2021-07-13
      </pubDate>
    <language>ENGLISH</language>
    <abstract>
        <para>A dataset containing all occurrences available in GBIF matching the query:
{
  &quot;TaxonKey&quot; : [
    &quot;is Dasymutilla occidentalis (Linnaeus)&quot;
  ]
}
The dataset includes records from the following constituent datasets. The full metadata for each constituent is also included in this archive:
1 records from Entomology Division, Yale Peabody Museum
1 records from University of Texas, Biodiversity Center, Entomology Collection (UTIC)
1 records from Earth Guardians Weekly Feed
1 records from Zoology (Museum of Evolution - Uppsala)
1 records from Lund Museum of Zoology - Insect collections (MZLU)
1 records from Archbold Biological Station Arthropod Collection
1 records from Naturalis Biodiversity Center (NL) - Museum collection digitized at storage unit level
1 records from naturgucker
2 records from NMNH Extant Specimen Records
2 records from New Mexico State Collection of Arthropods
2 records from Snow Entomological Museum Collection
2 records from ZFMK Hymenoptera collection
2 records from University of Tartu Natural History Museum and Botanical Garden Zooloogical Collections
2 records from The Albert J. Cook Arthropod Research Collection
3 records from Colorado Plateau Museum of Arthropod Biodiversity
3 records from Cleveland Museum of Natural History
4 records from Arizona State University Hasbrouck Insect Collection
5 records from Frost Entomological Museum
6 records from CHAS Entomology Collection (Arctos)
9 records from Entomology Collection at the Natural History Museum of Utah
19 records from Texas Tech University - Invertebrate Zoology
23 records from UCMC_Entomology
69 records from Field Museum of Natural History (Zoology) Insect, Arachnid and Myriapod Collection
72 records from Stuart M. Fullerton Collection of Arthropods (UCFC), University of Central Florida
79 records from Illinois Natural History Survey Insect Collection
80 records from C.A. Triplehorn Insect Collection (OSUC), Ohio State University
100 records from Recent Invertebrates Specimens
126 records from Texas A&amp;M University Insect Collection
142 records from C.P. Gillette Museum of Arthropod Diversity
170 records from BugGuide - Identification, Images, &amp; Information For Insects, Spiders &amp; Their Kin For the United States &amp; Canada
2540 records from iNaturalist Research-grade Observations
</para>
    </abstract>
      <contact>
    <individualName>
          <surName>GBIF Download Service</surName>
    </individualName>
<electronicMailAddress>support@gbif.org</electronicMailAddress>      </contact>

</dataset>

<additionalMetadata>
    <metadata>
      <gbif>
        <dateStamp>2021-07-13T14:37:54Z</dateStamp>
      <citation identifier="10.15468/dl.xz6wxg">GBIF Occurrence Download 10.15468/dl.xz6wxg</citation>
              <physical>
                  <objectName>Darwin Core Archive</objectName>
                  <characterEncoding>UTF-8</characterEncoding>
                  <dataFormat>
                      <externallyDefinedFormat>
                          <formatName>Darwin Core Archive</formatName>
                      </externallyDefinedFormat>
                  </dataFormat>
                  <distribution>
                      <online>
                          <url function="download">https://api.gbif.org/v1/occurrence/download/request/0323828-200613084148143.zip</url>
                      </online>
                  </distribution>
              </physical>
        </gbif>
    </metadata>
</additionalMetadata>

</eml:eml>
