<?xml version="1.0" encoding="utf-8"?>
<eml:eml xmlns:eml="eml://ecoinformatics.org/eml-2.1.1" xmlns:xsi="http://www.w3.org/2001/XMLSchema-instance"
         xsi:schemaLocation="eml://ecoinformatics.org/eml-2.1.1 http://rs.gbif.org/schema/eml-gbif-profile/1.1/eml.xsd"
        packageId="2b044aa9-1a9a-413e-8b18-ed09da575d3f"  system="http://gbif.org" scope="system"
  xml:lang="en">

<dataset>
      <alternateIdentifier>10.15468/6hfnux</alternateIdentifier>
    <title>University of Tartu Natural History Museum and Botanical Garden Zooloogical Collections</title>
    <creator>
    <individualName>
<givenName>Villu</givenName>          <surName>Soon</surName>
    </individualName>
<positionName>Curator</positionName><electronicMailAddress>villu.soon@ut.ee</electronicMailAddress>      <userId directory="https://orcid.org/">0000-0001-5368-0319</userId>
    </creator>
    <metadataProvider>
    <individualName>
<givenName>Villu</givenName>          <surName>Soon</surName>
    </individualName>
<positionName>Curator</positionName><electronicMailAddress>villu.soon@ut.ee</electronicMailAddress>      <userId directory="https://orcid.org/">0000-0001-5368-0319</userId>
    </metadataProvider>
    <language>ENGLISH</language>
    <abstract>
        <para>The University of Tartu Natural History Museum preserves the oldest zoological specimens in Estonia, these were collected in 1803–1809 by G. A. Germann, who was the chairman of the Cabinet of Natural History at that time. The Zoological museum was founded in 1822.

Presently ca 283 000 specimens are preserved there, prepared as required. In addition, ca 250 000 specimens of unprepared entomological materials are preserved on cotton wool. Mostly in entomological collections, ca 500 type specimens are preserved. The materials have been collected mostly in the northern part of Palearctic, some of it comes from elsewhere in the world as well.

The materials are: mammalian skins (2123 items), bird skins (8275 items), lower vertebrates – fish, amphibians, reptiles (both dry and wet materials, 1708 items), oological collections (15 914 items), osteological collections (ca 60 000), malacological collections (ca 82 700 items), entomological collections (ca 110 000 items).

The collections are used by researchers both from Estonia and from abroad.</para>
    </abstract>
      <intellectualRights>
        <para>This work is licensed under a <ulink url="http://creativecommons.org/licenses/by-nc/4.0/legalcode"><citetitle>Creative Commons Attribution Non Commercial (CC-BY-NC) 4.0 License</citetitle></ulink>.</para>
      </intellectualRights>
      <distribution scope="document">
          <online>
              <url function="information">https://www.natmuseum.ut.ee/en/content/zoological-collections</url>
          </online>
      </distribution>
      <contact>
    <individualName>
<givenName>Villu</givenName>          <surName>Soon</surName>
    </individualName>
<positionName>Curator</positionName><electronicMailAddress>villu.soon@ut.ee</electronicMailAddress>      <userId directory="https://orcid.org/">0000-0001-5368-0319</userId>
      </contact>
      <contact>
    <individualName>
<givenName>Andrei</givenName>          <surName>Miljutin</surName>
    </individualName>
<positionName>Curator</positionName><electronicMailAddress>andrei.miljutin@ut.ee</electronicMailAddress>      <userId directory="https://orcid.org/">0000-0002-4989-7037</userId>
      </contact>

      <project >
          <title></title>
          <abstract>
              <para></para>
          </abstract>
          <funding>
              <para></para>
          </funding>
      </project>
</dataset>

<additionalMetadata>
    <metadata>
      <gbif>
        <dateStamp>2021-07-13T14:37:51Z</dateStamp>
      <citation>Soon V. University of Tartu Natural History Museum and Botanical Garden Zooloogical Collections. University of Tartu, Natural History Museum and Botanical Garden. Occurrence dataset https://doi.org/10.15468/6hfnux accessed via GBIF.org on 2021-07-13.</citation>
              <resourceLogoUrl>https://files.plutof.ut.ee/public/orig/C4/3E/C43EBECB81C50C879C8B3C4DC9C004B2FAC3EC13160AC6D31BF5B9359EE4DB3E.png</resourceLogoUrl>
      </gbif>
    </metadata>
</additionalMetadata>

</eml:eml>
