<?xml version="1.0" encoding="utf-8"?>
<eml:eml xmlns:eml="eml://ecoinformatics.org/eml-2.1.1" xmlns:xsi="http://www.w3.org/2001/XMLSchema-instance"
         xsi:schemaLocation="eml://ecoinformatics.org/eml-2.1.1 http://rs.gbif.org/schema/eml-gbif-profile/1.1/eml.xsd"
        packageId="323b0e80-5e4b-4cc4-936a-d93fc8cae9bc"  system="http://gbif.org" scope="system"
  xml:lang="en">

<dataset>
      <alternateIdentifier>10.15468/k0aett</alternateIdentifier>
        <alternateIdentifier>https://biokic2.rc.asu.edu:443/portal/collections/misc/collprofiles.php?collid=4</alternateIdentifier>
        <alternateIdentifier>https://scan-bugs.org:443/portal/collections/misc/collprofiles.php?collid=4</alternateIdentifier>
    <title>C.P. Gillette Museum of Arthropod Diversity</title>
    <creator>
<organizationName>SCAN</organizationName><electronicMailAddress>Neil.Cobb@nau.edu</electronicMailAddress><onlineUrl>https://scan-bugs.org:443/portal/index.php</onlineUrl>    </creator>
    <metadataProvider>
<organizationName>SCAN</organizationName><electronicMailAddress>Neil.Cobb@nau.edu</electronicMailAddress><onlineUrl>https://scan-bugs.org:443/portal/index.php</onlineUrl>    </metadataProvider>
    <associatedParty>
<organizationName>C.P. Gillette Museum of Arthropod Diversity</organizationName><positionName>Collection Manager</positionName>    <address>
<deliveryPoint>1177 Campus Delivery</deliveryPoint><city>Fort Collins</city><administrativeArea>Colorado</administrativeArea><postalCode>80523-1177</postalCode><country>UNITED_STATES</country>    </address>
<electronicMailAddress>Chuck.Harp@colostate.edu</electronicMailAddress>    <role>CONTENT_PROVIDER</role>
    </associatedParty>
      <pubDate>
      2021-04-29
      </pubDate>
    <language>ENGLISH</language>
    <abstract>
        <para>The collection houses approximately 3 million specimens representing about 60,000 species with fifty primary types and 1,000 secondary types. More than 10,000 specimens are added to the collection each year. As a large and comprehensive holding of arthropods, predominately insects, in the Southern Rocky Mountains, it is a major resource for regional and national biodiversity investigations. Much of the material has been identified by specialists to the specific level. Examples of the unique quality of material include the aphids, other Homoptera, Coleoptera, Diptera, Hymenoptera, Lepidoptera, and all aquatic orders. It serves as the repository for arthropod inventories of several National Parks including Canyonlands, Great Sand Dunes, Mesa Verde, Rocky Mountain, Dinosaur, and Yucca House and Colorado National Monuments.</para>
    </abstract>
      <intellectualRights>
        <para>To the extent possible under law, the publisher has waived all rights to these data and has dedicated them to the <ulink url="http://creativecommons.org/publicdomain/zero/1.0/legalcode"><citetitle>Public Domain (CC0 1.0)</citetitle></ulink>. Users may copy, modify, distribute and use the work, including for commercial purposes, without restriction.</para>
      </intellectualRights>
      <contact>
<organizationName>C.P. Gillette Museum of Arthropod Diversity</organizationName><electronicMailAddress>Chuck.Harp@colostate.edu</electronicMailAddress><onlineUrl>https://agbio.agsci.colostate.edu/gillette-museum/</onlineUrl>      </contact>

</dataset>

<additionalMetadata>
    <metadata>
      <gbif>
        <dateStamp>2021-07-13T14:37:53Z</dateStamp>
      <citation>Colorado State University, C.P. Gillette Museum of Arthropod Diversity (2021). C.P. Gillette Museum of Arthropod Diversity. Occurrence dataset https://doi.org/10.15468/k0aett accessed via GBIF.org on 2021-07-13.</citation>
      </gbif>
    </metadata>
</additionalMetadata>

</eml:eml>
