<?xml version="1.0" encoding="utf-8"?>
<eml:eml xmlns:eml="eml://ecoinformatics.org/eml-2.1.1" xmlns:xsi="http://www.w3.org/2001/XMLSchema-instance"
         xsi:schemaLocation="eml://ecoinformatics.org/eml-2.1.1 http://rs.gbif.org/schema/eml-gbif-profile/1.1/eml.xsd"
        packageId="5e015b88-67d3-474b-8e96-a537c9ef0210"  system="http://gbif.org" scope="system"
  xml:lang="en">

<dataset>
      <alternateIdentifier>10.15468/i5oupp</alternateIdentifier>
        <alternateIdentifier>5e015b88-67d3-474b-8e96-a537c9ef0210</alternateIdentifier>
        <alternateIdentifier>http://ipt.vertnet.org:8080/ipt/resource?r=chas_ento</alternateIdentifier>
    <title>CHAS Entomology Collection (Arctos)</title>
    <creator>
    <individualName>
<givenName>Dawn</givenName>          <surName>Roberts</surName>
    </individualName>
<organizationName>The Chicago Academy of Sciences</organizationName><positionName>Director of Collections</positionName>    <address>
<deliveryPoint>2430 North Cannon Drive</deliveryPoint><city>Chicago</city><administrativeArea>IL</administrativeArea><postalCode>60614</postalCode><country>UNITED_STATES</country>    </address>
<phone>+01 773-755-5125</phone><electronicMailAddress>droberts@naturemuseum.org</electronicMailAddress><onlineUrl>http://www.naturemuseum.org</onlineUrl>    </creator>
    <metadataProvider>
    <individualName>
<givenName>Dawn</givenName>          <surName>Roberts</surName>
    </individualName>
<organizationName>The Chicago Academy of Sciences</organizationName><positionName>Director of Collections</positionName>    <address>
<deliveryPoint>2430 North Cannon Drive</deliveryPoint><city>Chicago</city><administrativeArea>IL</administrativeArea><postalCode>60614</postalCode><country>UNITED_STATES</country>    </address>
<phone>+01 773-755-5125</phone><electronicMailAddress>droberts@naturemuseum.org</electronicMailAddress><onlineUrl>http://www.naturemuseum.org</onlineUrl>    </metadataProvider>
    <associatedParty>
    <individualName>
<givenName>Erica</givenName>          <surName>Krimmel</surName>
    </individualName>
<organizationName>The Chicago Academy of Sciences</organizationName><positionName>Assistant Collections Manager</positionName>    <address>
<deliveryPoint>2430 North Cannon Drive</deliveryPoint><city>Chicago</city><administrativeArea>IL</administrativeArea><postalCode>60614</postalCode><country>UNITED_STATES</country>    </address>
<phone>+01 773-755-5118</phone><electronicMailAddress>ekrimmel@naturemuseum.org</electronicMailAddress><onlineUrl>http://www.naturemuseum.org</onlineUrl>    <role>POINT_OF_CONTACT</role>
    </associatedParty>
    <associatedParty>
    <individualName>
<givenName>David</givenName>          <surName>Bloom</surName>
    </individualName>
<organizationName>VertNet</organizationName><positionName>Coordinator</positionName><electronicMailAddress>dbloom@vertnet.org</electronicMailAddress><onlineUrl>http://www.vertnet.org</onlineUrl>    <role>PROGRAMMER</role>
    </associatedParty>
    <associatedParty>
    <individualName>
<givenName>John</givenName>          <surName>Wieczorek</surName>
    </individualName>
<organizationName>Museum of Vertebrate Zoology at UC Berkeley</organizationName><positionName>Information Architect</positionName><electronicMailAddress>tuco@berkeley.edu</electronicMailAddress>    <role>PROGRAMMER</role>
    </associatedParty>
      <pubDate>
      2021-06-27
      </pubDate>
    <language>ENGLISH</language>
    <abstract>
        <para>The Chicago Academy of Sciences’ entomology collection consists primarily of insect species from North and Central America, with a focus on the Midwestern United States. The Academy has had several prominent entomologists in its history, primarily between 1930 and 1960. Donald C. Lowrie (1910-2000) studied spiders and their role in local dune ecosystems. Leonora K. Gloyd (b. 1902) conducted fieldwork on Odonata. Orlando Park published on the taxonomy and ecology of Coleoptera, particularly the Pselaphidae, in the 1940s. Stanley Auerbach researched centipedes in the Chicago area during the 1950s. Other major collectors include Andrew Bolter (collected between 1879-1910) and Harry D. Sicher (collected between 1940 and 1970), both of whom collected primarily Lepidoptera. The majority of the non-Lepidopteran specimens were collected in the Midwest and Western Great Lakes regions, with Canada, California, Florida, and the Southwestern U.S. also represented. Lepidoptera primarily include species from the Midwestern U.S. as well as Canada, Mexico, Central and South America, Alaska, California, Florida, and the Southwestern U.S. Temporal Coverage of this collection is 1834-Present, with the bulk of the non-Lepidoptera specimens collected between 1872 and 1911, and the bulk of Lepidopteran specimens collected between 1891 and 1964.</para>
    </abstract>
        <keywordSet>
              <keyword>Occurrence</keyword>
              <keywordThesaurus>GBIF Dataset Type Vocabulary: http://rs.gbif.org/vocabulary/gbif/dataset_type.xml</keywordThesaurus>
        </keywordSet>
        <keywordSet>
              <keyword>Specimen</keyword>
              <keywordThesaurus>GBIF Dataset Subtype Vocabulary: http://rs.gbif.org/vocabulary/gbif/dataset_subtype.xml</keywordThesaurus>
        </keywordSet>
      <additionalInfo>
          <para>http://vertnet.org/resources/norms.html

Rooted in Chicago, Illinois, the Chicago Academy of Sciences was founded in 1857 and was the first science museum in Chicago. Through its Peggy Notebaert Nature Museum, the Academy connects its community to local environments and inspires life-long relationships with urban nature. The museum collections and archives contain natural history collections in the disciplines of botany, entomology, geology, herpetology, ichthyology, malacology, mammalogy, oology, ornithology, and paleontology, as well as cultural collections, audio visual collections, and archives.  These materials range from the 1830s to the present and are predominantly from North America with a focus in the Midwest/Western Great Lakes region.</para>
      </additionalInfo>
      <intellectualRights>
        <para>To the extent possible under law, the publisher has waived all rights to these data and has dedicated them to the <ulink url="http://creativecommons.org/publicdomain/zero/1.0/legalcode"><citetitle>Public Domain (CC0 1.0)</citetitle></ulink>. Users may copy, modify, distribute and use the work, including for commercial purposes, without restriction.</para>
      </intellectualRights>
      <distribution scope="document">
          <online>
              <url function="information">http://www.naturemuseum.org/the-museum/collections/invertebrates</url>
          </online>
      </distribution>
      <coverage>
            <geographicCoverage>
                  <geographicDescription>Primarily United States, especially the Midwest and Southeast.</geographicDescription>
                  <boundingCoordinates>
                      <westBoundingCoordinate>-180</westBoundingCoordinate>
                      <eastBoundingCoordinate>180</eastBoundingCoordinate>
                      <northBoundingCoordinate>90</northBoundingCoordinate>
                      <southBoundingCoordinate>-90</southBoundingCoordinate>
                  </boundingCoordinates>
            </geographicCoverage>
              <taxonomicCoverage>
                    <taxonomicClassification>
                          <taxonRankName>Class</taxonRankName>
                        <taxonRankValue>Insecta</taxonRankValue>
                    </taxonomicClassification>
                    <taxonomicClassification>
                          <taxonRankName>Class</taxonRankName>
                        <taxonRankValue>Arachnida</taxonRankValue>
                    </taxonomicClassification>
              </taxonomicCoverage>
      </coverage>
      <maintenance>
          <description>
              <para></para>
          </description>
          <maintenanceUpdateFrequency>unkown</maintenanceUpdateFrequency>
      </maintenance>
      <contact>
    <individualName>
<givenName>Dawn</givenName>          <surName>Roberts</surName>
    </individualName>
<organizationName>The Chicago Academy of Sciences</organizationName><positionName>Director of Collections</positionName>    <address>
<deliveryPoint>2430 North Cannon Drive</deliveryPoint><city>Chicago</city><administrativeArea>IL</administrativeArea><postalCode>60614</postalCode><country>UNITED_STATES</country>    </address>
<phone>+01 773-755-5125</phone><electronicMailAddress>droberts@naturemuseum.org</electronicMailAddress><onlineUrl>http://www.naturemuseum.org</onlineUrl>      </contact>

</dataset>

<additionalMetadata>
    <metadata>
      <gbif>
        <dateStamp>2021-07-13T14:37:52Z</dateStamp>
      <citation>Roberts D (2021). CHAS Entomology Collection (Arctos). Version 13.54. Chicago Academy of Sciences. Occurrence dataset https://doi.org/10.15468/i5oupp accessed via GBIF.org on 2021-07-13.</citation>
              <resourceLogoUrl>http://ipt.vertnet.org:8080/ipt/logo.do?r=chas_verts</resourceLogoUrl>
              <livingTimePeriod>1800-present</livingTimePeriod>
      </gbif>
    </metadata>
</additionalMetadata>

</eml:eml>
