<?xml version="1.0" encoding="utf-8"?>
<eml:eml xmlns:eml="eml://ecoinformatics.org/eml-2.1.1" xmlns:xsi="http://www.w3.org/2001/XMLSchema-instance"
         xsi:schemaLocation="eml://ecoinformatics.org/eml-2.1.1 http://rs.gbif.org/schema/eml-gbif-profile/1.1/eml.xsd"
        packageId="8a6232d7-f93e-45a3-8b16-556aa732cd39"  system="http://gbif.org" scope="system"
  xml:lang="en">

<dataset>
      <alternateIdentifier>10.15468/du1hci</alternateIdentifier>
        <alternateIdentifier>https://biokic2.rc.asu.edu:443/portal/collections/misc/collprofiles.php?collid=3</alternateIdentifier>
        <alternateIdentifier>https://scan-bugs.org:443/portal/collections/misc/collprofiles.php?collid=3</alternateIdentifier>
        <alternateIdentifier>http://scan-bugs.org/portal/collections/misc/collprofiles.php?collid=3</alternateIdentifier>
        <alternateIdentifier>http://symbiota4.acis.ufl.edu/scan/portal/collections/misc/collprofiles.php?collid=3</alternateIdentifier>
    <title>Colorado Plateau Museum of Arthropod Biodiversity</title>
    <creator>
<organizationName>SCAN</organizationName><electronicMailAddress>Neil.Cobb@nau.edu</electronicMailAddress><onlineUrl>https://scan-bugs.org:443/portal/index.php</onlineUrl>    </creator>
    <metadataProvider>
<organizationName>SCAN</organizationName><electronicMailAddress>Neil.Cobb@nau.edu</electronicMailAddress><onlineUrl>https://scan-bugs.org:443/portal/index.php</onlineUrl>    </metadataProvider>
    <associatedParty>
<organizationName>Colorado Plateau Museum of Arthropod Biodiversity</organizationName><positionName>Collection Manager</positionName>    <address>
<deliveryPoint>Building 21, Room 129</deliveryPoint><city>Flagstaff</city><administrativeArea>Arizona</administrativeArea><postalCode>86011</postalCode><country>UNITED_STATES</country>    </address>
<phone>928-523-6362</phone><electronicMailAddress>Neil.Cobb@nau.edu</electronicMailAddress>    <role>CONTENT_PROVIDER</role>
    </associatedParty>
      <pubDate>
      2021-04-29
      </pubDate>
    <language>ENGLISH</language>
    <abstract>
        <para>This collection houses over 230,000 arthropod specimens, primarily from the western United States and Mexico. The geographic area of focus is the Colorado Plateau and adjacent regions in the Southwest. Records included in this database were primarily transcribed as part of the SCAN TCN and LepNet TCN projects as well as other externally funded projects through the Cobb lab. Other records include specimens collected by DC Johnson and his colleagues, which is shown in the number of records from Mexico.</para>
    </abstract>
      <intellectualRights>
        <para>To the extent possible under law, the publisher has waived all rights to these data and has dedicated them to the <ulink url="http://creativecommons.org/publicdomain/zero/1.0/legalcode"><citetitle>Public Domain (CC0 1.0)</citetitle></ulink>. Users may copy, modify, distribute and use the work, including for commercial purposes, without restriction.</para>
      </intellectualRights>
      <contact>
<organizationName>Colorado Plateau Museum of Arthropod Biodiversity</organizationName><phone>928-523-6362</phone><electronicMailAddress>Neil.Cobb@nau.edu</electronicMailAddress><onlineUrl>http://www.bugs.nau.edu/</onlineUrl>      </contact>

</dataset>

<additionalMetadata>
    <metadata>
      <gbif>
        <dateStamp>2021-07-13T14:37:52Z</dateStamp>
      <citation>Northern Arizona University: Colorado Plateau Biodiversity Center (2021). Colorado Plateau Museum of Arthropod Biodiversity. Occurrence dataset https://doi.org/10.15468/du1hci accessed via GBIF.org on 2021-07-13.</citation>
      </gbif>
    </metadata>
</additionalMetadata>

</eml:eml>
