<?xml version="1.0" encoding="utf-8"?>
<eml:eml xmlns:eml="eml://ecoinformatics.org/eml-2.1.1" xmlns:xsi="http://www.w3.org/2001/XMLSchema-instance"
         xsi:schemaLocation="eml://ecoinformatics.org/eml-2.1.1 http://rs.gbif.org/schema/eml-gbif-profile/1.1/eml.xsd"
        packageId="9be3b97c-bc8c-490c-8021-dc7c75408076"  system="http://gbif.org" scope="system"
  xml:lang="en">

<dataset>
      <alternateIdentifier>10.15468/iyehoe</alternateIdentifier>
        <alternateIdentifier>https://biokic2.rc.asu.edu:443/portal/collections/misc/collprofiles.php?collid=15</alternateIdentifier>
        <alternateIdentifier>https://scan-bugs.org:443/portal/collections/misc/collprofiles.php?collid=15</alternateIdentifier>
        <alternateIdentifier>http://scan-bugs.org/portal/collections/misc/collprofiles.php?collid=15</alternateIdentifier>
        <alternateIdentifier>http://symbiota4.acis.ufl.edu/scan/portal/collections/misc/collprofiles.php?collid=15</alternateIdentifier>
    <title>Entomology Collection at the Natural History Museum of Utah</title>
    <creator>
<organizationName>SCAN</organizationName><electronicMailAddress>Neil.Cobb@nau.edu</electronicMailAddress><onlineUrl>https://scan-bugs.org:443/portal/index.php</onlineUrl>    </creator>
    <metadataProvider>
<organizationName>SCAN</organizationName><electronicMailAddress>Neil.Cobb@nau.edu</electronicMailAddress><onlineUrl>https://scan-bugs.org:443/portal/index.php</onlineUrl>    </metadataProvider>
    <associatedParty>
<organizationName>Entomology Collection at the Natural History Museum of Utah</organizationName><positionName>Collection Manager</positionName>    <address>
<deliveryPoint>301 Wakara Way</deliveryPoint><city>Salt Lake Ciity</city><administrativeArea>Utah</administrativeArea><postalCode>84108</postalCode><country>UNITED_STATES</country>    </address>
<phone>801-587-7907</phone><electronicMailAddress>cbills@nhmu.utah.edu</electronicMailAddress>    <role>CONTENT_PROVIDER</role>
    </associatedParty>
      <pubDate>
      2021-04-29
      </pubDate>
    <language>ENGLISH</language>
    <abstract>
        <para>The Entomology Collection at the Natural History Museum of Utah consists of approximately 250,000 pinned and alcohol specimens from around the world, with greatest specimen numbers from the intermountain west. The collection dates back to the late 1800s, with heaviest collection periods in the 1930s and 1960s. The collection was relocated in 2012 to a new facility with optimal storage conditions. Areas of greatest strength include Lepidoptera, Cicadidae and Cicindelidae. Future project emphasis is on databasing the collection to increase research utilization of the collection.</para>
    </abstract>
      <intellectualRights>
        <para>This work is licensed under a <ulink url="http://creativecommons.org/licenses/by-nc/4.0/legalcode"><citetitle>Creative Commons Attribution Non Commercial (CC-BY-NC) 4.0 License</citetitle></ulink>.</para>
      </intellectualRights>
      <contact>
<organizationName>Entomology Collection at the Natural History Museum of Utah</organizationName><phone>801-587-7907</phone><electronicMailAddress>cbills@nhmu.utah.edu</electronicMailAddress><onlineUrl>http://nhmu.utah.edu/</onlineUrl>      </contact>

</dataset>

<additionalMetadata>
    <metadata>
      <gbif>
        <dateStamp>2021-07-13T14:37:52Z</dateStamp>
      <citation>Natural History Museum of Utah (UMNH) (2021). Entomology Collection at the Natural History Museum of Utah. Occurrence dataset https://doi.org/10.15468/iyehoe accessed via GBIF.org on 2021-07-13.</citation>
      </gbif>
    </metadata>
</additionalMetadata>

</eml:eml>
