<?xml version="1.0" encoding="utf-8"?>
<eml:eml xmlns:eml="eml://ecoinformatics.org/eml-2.1.1" xmlns:xsi="http://www.w3.org/2001/XMLSchema-instance"
         xsi:schemaLocation="eml://ecoinformatics.org/eml-2.1.1 http://rs.gbif.org/schema/eml-gbif-profile/1.1/eml.xsd"
        packageId="d45b8e8a-1f32-40b0-a132-bd690bd90b30"  system="http://gbif.org" scope="system"
  xml:lang="en">

<dataset>
      <alternateIdentifier>10.15468/dsd416</alternateIdentifier>
    <title>ZFMK Hymenoptera collection</title>
    <associatedParty>
    <individualName>
          <surName>Data Center ZFMK</surName>
    </individualName>
    <address>
<deliveryPoint>Zoological Research Museum Koenig - Leibniz Institute for Animal Biodiversity, Adenauerallee 160, 53113 Bonn</deliveryPoint>    </address>
<phone>0049 (0) 2289122342</phone><electronicMailAddress>ZFMKDatacenter@leibniz-zfmk.de</electronicMailAddress>    <role>TECHNICAL_POINT_OF_CONTACT</role>
    </associatedParty>
    <language>en</language>
    <abstract>
        <para>The Hymenoptera collection at the Zoological Research Museum Alexander Koenig contains parts of the collection of Johann Klapperich as well as the collections of W. Aerts, Johannes Gallasch, R. Oberthür, August Reichensperger, R. Roesler, A. Schoop and the permanent loan of the Zoo Cologne</para>
    </abstract>
      <intellectualRights>
        <para>This work is licensed under a <ulink url="http://creativecommons.org/licenses/by/4.0/legalcode"><citetitle>Creative Commons Attribution (CC-BY) 4.0 License</citetitle></ulink>.</para>
      </intellectualRights>
      <distribution scope="document">
          <online>
              <url function="information">https://www.zfmk.de/en/research/collections/hymenoptera</url>
          </online>
      </distribution>
      <contact>
    <individualName>
          <surName>Dr. R. Peters</surName>
    </individualName>
    <address>
<deliveryPoint>Zoological Research Museum Koenig - Leibniz Institute for Animal Biodiversity, Adenauerallee 160, 53113 Bonn</deliveryPoint>    </address>
<phone>+49 (0) 228/9122-290</phone><electronicMailAddress>r.peters@leibniz-zfmk.de</electronicMailAddress>      </contact>

</dataset>

<additionalMetadata>
    <metadata>
      <gbif>
        <dateStamp>2021-07-13T14:37:51Z</dateStamp>
      <citation>Zoologisches Forschungsinstitut und Museum Alexander Koenig. ZFMK Hymenoptera collection. Occurrence dataset https://doi.org/10.15468/dsd416 accessed via GBIF.org on 2021-07-13.</citation>
              <resourceLogoUrl>https://biocase.zfmk.de/images/logo/zfmk_logo.jpg</resourceLogoUrl>
      </gbif>
    </metadata>
</additionalMetadata>

</eml:eml>
