<?xml version="1.0" encoding="utf-8"?>
<eml:eml xmlns:eml="eml://ecoinformatics.org/eml-2.1.1" xmlns:xsi="http://www.w3.org/2001/XMLSchema-instance"
         xsi:schemaLocation="eml://ecoinformatics.org/eml-2.1.1 http://rs.gbif.org/schema/eml-gbif-profile/1.1/eml.xsd"
        packageId="10.15468/dl.ddfv94"  system="http://gbif.org" scope="system"
  xml:lang="en">

<dataset>
        <alternateIdentifier>0323830-200613084148143</alternateIdentifier>
    <title>GBIF Occurrence Download 10.15468/dl.ddfv94</title>
    <creator>
    <individualName>
          <surName>GBIF Download Service</surName>
    </individualName>
<electronicMailAddress>support@gbif.org</electronicMailAddress>    </creator>
    <metadataProvider>
    <individualName>
          <surName>GBIF Download Service</surName>
    </individualName>
<electronicMailAddress>support@gbif.org</electronicMailAddress>    </metadataProvider>
      <pubDate>
      2021-07-13
      </pubDate>
    <language>ENGLISH</language>
    <abstract>
        <para>A dataset containing all occurrences available in GBIF matching the query:
{
  &quot;TaxonKey&quot; : [
    &quot;is Phidippus apacheanus Chamberlin &amp; Gertsch, 1929&quot;
  ]
}
The dataset includes records from the following constituent datasets. The full metadata for each constituent is also included in this archive:
1 records from Inventario multitaxonómico del ANP Médanos de Samalayuca
1 records from Arizona State University Hasbrouck Insect Collection
1 records from Field Museum of Natural History (Zoology) Insect, Arachnid and Myriapod Collection
2 records from NMNH Extant Specimen Records
2 records from Museum of Comparative Zoology, Harvard University
3 records from NatureServe Network Species Occurrence Data
4 records from Museum of Southwestern Biology, Division of Arthropods
4 records from Recent Invertebrates Specimens
12 records from New Mexico State Collection of Arthropods
69 records from Denver Museum of Nature &amp; Science - Arachnology
86 records from BugGuide - Identification, Images, &amp; Information For Insects, Spiders &amp; Their Kin For the United States &amp; Canada
203 records from iNaturalist Research-grade Observations
</para>
    </abstract>
      <contact>
    <individualName>
          <surName>GBIF Download Service</surName>
    </individualName>
<electronicMailAddress>support@gbif.org</electronicMailAddress>      </contact>

</dataset>

<additionalMetadata>
    <metadata>
      <gbif>
        <dateStamp>2021-07-13T14:39:34Z</dateStamp>
      <citation identifier="10.15468/dl.ddfv94">GBIF Occurrence Download 10.15468/dl.ddfv94</citation>
              <physical>
                  <objectName>Darwin Core Archive</objectName>
                  <characterEncoding>UTF-8</characterEncoding>
                  <dataFormat>
                      <externallyDefinedFormat>
                          <formatName>Darwin Core Archive</formatName>
                      </externallyDefinedFormat>
                  </dataFormat>
                  <distribution>
                      <online>
                          <url function="download">https://api.gbif.org/v1/occurrence/download/request/0323830-200613084148143.zip</url>
                      </online>
                  </distribution>
              </physical>
        </gbif>
    </metadata>
</additionalMetadata>

</eml:eml>
